Question,Type,Option A,Option B,Option C,Option D,Correct Answer,Solution,Class,Difficulty,Marks,Negative Marks,Topic,Tags
"If $x = 2 + \sqrt{3}$, what is $x^2 + \frac{1}{x^2}$?",single_choice,14,12,$8 + 4\sqrt{3}$,16,A,"$\frac{1}{x} = 2 - \sqrt{3}$, so $x + \frac{1}{x} = 4$. Then $x^2 + \frac{1}{x^2} = 4^2 - 2 = 14$.",Class 9,Hard,4,1,Number Systems,"daily quiz, olympiad, batch 1"
"If $p(x) = x^2 - 4x + 3$, what is $p(2) - p(1) + p\left(\frac{1}{2}\right)$?",single_choice,$-\frac{1}{4}$,$\frac{1}{4}$,$\frac{5}{4}$,$0$,B,"$p(2) = 4 - 8 + 3 = -1$, $p(1) = 1 - 4 + 3 = 0$ and $p\left(\frac{1}{2}\right) = \frac{1}{4} - 2 + 3 = \frac{5}{4}$. So $-1 - 0 + \frac{5}{4} = \frac{1}{4}$.",Class 9,Hard,4,1,Polynomials,"daily quiz, olympiad, batch 1"
"Written as $a + b\sqrt{15}$, what is $\frac{\sqrt{5} + \sqrt{3}}{\sqrt{5} - \sqrt{3}}$?",single_choice,$4 + \sqrt{15}$,$8 + 2\sqrt{15}$,$4 - \sqrt{15}$,$1 + \sqrt{15}$,A,Multiply top and bottom by $\sqrt{5} + \sqrt{3}$: $\frac{5 + 3 + 2\sqrt{15}}{5 - 3} = \frac{8 + 2\sqrt{15}}{2} = 4 + \sqrt{15}$.,Class 9,Hard,4,1,Number Systems,"daily quiz, olympiad, batch 1"
"How many pairs of positive whole numbers $(x, y)$ satisfy $2x + 3y = 20$?",single_choice,3,2,4,6,A,"$3y$ must be even and less than 20, so $y = 2, 4, 6$, giving $x = 7, 4, 1$. Three pairs.",Class 9,Hard,4,1,Linear Equations in Two Variables,"daily quiz, olympiad, batch 1"
"A triangle has sides 13 cm, 14 cm and 15 cm. How long is the altitude drawn to the 14 cm side?",single_choice,11 cm,12 cm,13 cm,84 cm,B,"By Heron's formula, $s = 21$ and the area is $\sqrt{21 \times 8 \times 7 \times 6} = 84$. Altitude $= \frac{2 \times 84}{14} = 12$ cm.",Class 9,Hard,4,1,Heron's Formula,"daily quiz, olympiad, batch 1"
A chord subtends an angle of 100° at the centre of a circle. What angle does it subtend at a point on the major arc?,single_choice,50°,80°,130°,100°,A,The angle at the centre is twice the angle at any point on the remaining (major) arc: $100° \div 2 = 50°$.,Class 9,Hard,4,1,Circles,"daily quiz, olympiad, batch 1"
"The mean of 10 observations is 20. Later it is found that one observation, 30, was wrongly recorded as 50. What is the correct mean?",single_choice,20,22,18,19,C,"The recorded total is 200. Correct total $= 200 - 50 + 30 = 180$, so the mean is 18.",Class 9,Hard,4,1,Statistics,"daily quiz, olympiad, batch 1"
"Which fraction equals $0.2\overline{3}$ (that is, 0.2333...)?",single_choice,$\frac{23}{90}$,$\frac{23}{99}$,$\frac{7}{30}$,$\frac{2}{9}$,C,"Let $x = 0.2333\ldots$ Then $10x = 2.333\ldots$ and $100x = 23.333\ldots$, so $90x = 21$ and $x = \frac{21}{90} = \frac{7}{30}$.",Class 9,Hard,4,1,Number Systems,"daily quiz, olympiad, batch 1"
"If $a + b + c = 0$, what does $a^3 + b^3 + c^3$ equal?",single_choice,$3abc$,$0$,$abc$,$a^2b^2c^2$,A,"$a^3 + b^3 + c^3 - 3abc = (a + b + c)(a^2 + b^2 + c^2 - ab - bc - ca)$, which is 0 when $a + b + c = 0$.",Class 9,Hard,4,1,Polynomials,"daily quiz, olympiad, batch 1"
Two parallel lines are cut by a transversal. The two interior angles on the same side of the transversal are $3x$ and $2x$. What is $x$?,single_choice,45°,36°,18°,72°,B,"Co-interior angles add up to 180°: $5x = 180°$, so $x = 36°$.",Class 9,Hard,4,1,Lines and Angles,"daily quiz, olympiad, batch 1"
